//-----TCS.CA 301 Redirects (again!)-----//
Note that you must put a "/" before the old file name!!!


Options +FollowSymLinks
RewriteEngine on

Redirect 301 /index.html http://www.thecupstore.ca/index.php
Redirect 301 /customer_service.html http://www.thecupstore.ca/form/quote-request.php
Redirect 301 /about_us.html http://www.thecupstore.ca/about-us.php
Redirect 301 /order_information.html http://www.thecupstore.ca/order-information.php
Redirect 301 /contact_us.html http://www.thecupstore.ca/contact-us.php
Redirect 301 /custom_printed_biodegradable_paper_cups.html http://www.thecupstore.ca/prod-eco-paper-cups.php
Redirect 301 /pricing_custom_printed_biodegradable_paper_cups.html http://www.thecupstore.ca/prod-eco-paper-cups.php
Redirect 301 /custom_printed_biodegradable_plastic_cups.html http://www.thecupstore.ca/prod-eco-plastic-cups.php
Redirect 301 /pricing_custom_printed_biodegradable_plastic_cups.html http://www.thecupstore.ca/prod-eco-plastic-cups.php
Redirect 301 /custom_printed_hot_paper_cups.html http://www.thecupstore.ca/prod-paper-cups.php 
Redirect 301 /pricing_custom_printed_hot_paper_cups.html http://www.thecupstore.ca/prod-paper-cups.php
Redirect 301 /custom_printed_double_walled_paper_cups.html http://www.thecupstore.ca/prod-double-paper-cups.php
Redirect 301 /pricing_custom_printed_double_walled_paper_cups.html http://www.thecupstore.ca/prod-double-paper-cups.php
Redirect 301 /custom_printed_glassware.html http://www.thecupstore.ca/prod-glassware.php
Redirect 301 /arc_glassware_lineup.jpg http://www.thecupstore.ca/prod-glassware.php
Redirect 301 /custom_printed_gelato_cups.html http://www.thecupstore.ca/prod-gelato-cups.php
Redirect 301 /pricing_custom_printed_gelato_cups.html http://www.thecupstore.ca/prod-gelato-cups.php
Redirect 301 /custom_printed_cold_plastic_cups.html http://www.thecupstore.ca/prod-plastic-cups.php
Redirect 301 /pricing_custom_printed_cold_plastic_cups.html http://www.thecupstore.ca/prod-plastic-cups.php
Redirect 301 /custom_printed_foam_cups.html http://www.thecupstore.ca/products.php
Redirect 301 /pricing_custom_printed_foam_cups.html http://www.thecupstore.ca/products.php
Redirect 301 /custom_printed_paper_food_containers.html http://www.thecupstore.ca/products.php
Redirect 301 /pricing_custom_printed_paper_food_containers.html http://www.thecupstore.ca/products.php
Redirect 301 /site_map.html http://www.thecupstore.ca/sitemap.php

